PARK_NAME,LATITUDE,LONGITUDE,ADDRESS,URL
Aberdeen Park,49.2346668321984,-123.027278010719,3525 Foster Av,http://www.city.vancouver.bc.ca/parks/parks/index.htm
Adanac Park,49.2762275335733,-123.025504307298,1025 Boundary Road,http://cfapp.vancouver.ca/parkfinder_wa/index.cfm?fuseaction=FAC.ParkDetails&park_id=65
Alexandra Park,49.2853986805251,-123.142163356936,1755 Beach Av,http://cfapp.vancouver.ca/parkfinder_wa/index.cfm?fuseaction=FAC.ParkDetails&park_id=199
Alice Townley Park,49.2689971287115,-123.074120708109,1775 Woodland Drive,http://cfapp.vancouver.ca/parkfinder_wa/index.cfm?fuseaction=FAC.ParkDetails&park_id=49
Almond Park,49.261387656885,-123.185625257649,3600 W 12th Av,http://cfapp.vancouver.ca/parkfinder_wa/index.cfm?fuseaction=FAC.ParkDetails&park_id=106
Andy Livingstone Park,49.278410506362,-123.103409998654,89 Expo Boulevard,http://cfapp.vancouver.ca/parkfinder_wa/index.cfm?fuseaction=FAC.ParkDetails&park_id=10
Angus Park,49.2537445030558,-123.143694381029,3600 Angus Drive,http://cfapp.vancouver.ca/parkfinder_wa/index.cfm?fuseaction=FAC.ParkDetails&park_id=169
Arbutus Greenway Park,49.2620966111669,-123.154832269797,W 11th Av Between Vine St And Arbutus St,http://www.city.vancouver.bc.ca/parks/parks/index.htm
Arbutus Park,49.2164037697703,-123.15507716898,7601 Arbutus St,http://cfapp.vancouver.ca/parkfinder_wa/index.cfm?fuseaction=FAC.ParkDetails&park_id=90
Arbutus Village Park,49.2507171496148,-123.154995056912,4202 Valley Drive,http://cfapp.vancouver.ca/parkfinder_wa/index.cfm?fuseaction=FAC.ParkDetails&park_id=1
Art Phillips Park,49.2856420376793,-123.120265246093,625 Burrard St,http://www.city.vancouver.bc.ca/parks/parks/index.htm
Ash Park,49.2102692246904,-123.119500546491,8288 Ash St,http://cfapp.vancouver.ca/parkfinder_wa/index.cfm?fuseaction=FAC.ParkDetails&park_id=122
Balaclava Park,49.245000371987,-123.175757721376,4594 Balaclava St,http://cfapp.vancouver.ca/parkfinder_wa/index.cfm?fuseaction=FAC.ParkDetails&park_id=34
Barclay Heritage Square,49.2872117694644,-123.132075642853,1433 Barclay St,http://cfapp.vancouver.ca/parkfinder_wa/index.cfm?fuseaction=FAC.ParkDetails&park_id=0
Bates Park,49.2917168799488,-123.024899084454,669 Fellowes St,http://cfapp.vancouver.ca/parkfinder_wa/index.cfm?fuseaction=FAC.ParkDetails&park_id=66
Beaconsfield Park,49.2554976640923,-123.05077143286,3215 Slocan St,http://cfapp.vancouver.ca/parkfinder_wa/index.cfm?fuseaction=FAC.ParkDetails&park_id=148
Bobolink Park,49.2149629218296,-123.057302802207,2510 Hoylake Av,http://cfapp.vancouver.ca/parkfinder_wa/index.cfm?fuseaction=FAC.ParkDetails&park_id=191
Braemar Park,49.2475504970171,-123.123486902975,895 W 27th Av,http://cfapp.vancouver.ca/parkfinder_wa/index.cfm?fuseaction=FAC.ParkDetails&park_id=174
Brewers Park,49.2472554977417,-123.066353391376,4175 Victoria Drive,http://cfapp.vancouver.ca/parkfinder_wa/index.cfm?fuseaction=FAC.ParkDetails&park_id=79
Burrard View Park,49.2908038942077,-123.050496711633,650 North Penticton St,http://cfapp.vancouver.ca/parkfinder_wa/index.cfm?fuseaction=FAC.ParkDetails&park_id=67
Callister Park,49.2861285141336,-123.045132268307,2875 Oxford St,http://cfapp.vancouver.ca/parkfinder_wa/index.cfm?fuseaction=FAC.ParkDetails&park_id=68
Cambie Park,49.221282787635,-123.117729112691,500 W 54th Av,http://cfapp.vancouver.ca/parkfinder_wa/index.cfm?fuseaction=FAC.ParkDetails&park_id=142
Cambridge Park,49.286207549193,-123.061555711162,2099 Wall St,http://cfapp.vancouver.ca/parkfinder_wa/index.cfm?fuseaction=FAC.ParkDetails&park_id=50
Camosun,49.2571730218038,-123.200934268412,4102 W 16th Av,http://www.city.vancouver.bc.ca/parks/parks/index.htm
Captain Cook Park,49.2182654851195,-123.034428821397,3398 E 54th Av,http://cfapp.vancouver.ca/parkfinder_wa/index.cfm?fuseaction=FAC.ParkDetails&park_id=99
Cardero Park,49.2918004785958,-123.127932587573,1601 Bayshore Drive,http://www.city.vancouver.bc.ca/parks/parks/index.htm
Cariboo Park,49.2440789392136,-123.029151472545,3450 E 29th Av,http://cfapp.vancouver.ca/parkfinder_wa/index.cfm?fuseaction=FAC.ParkDetails&park_id=149
Carleton Park,49.2419790500357,-123.030430672024,3450 Price St,http://cfapp.vancouver.ca/parkfinder_wa/index.cfm?fuseaction=FAC.ParkDetails&park_id=150
Carnarvon Park,49.2565788295164,-123.171485977492,2995 W 19th Av,http://cfapp.vancouver.ca/parkfinder_wa/index.cfm?fuseaction=FAC.ParkDetails&park_id=2
Carolina Park,49.266328,-123.090869,2100 Carolina St,http://cfapp.vancouver.ca/parkfinder_wa/index.cfm?fuseaction=FAC.ParkDetails&park_id=238
Cartier Park,49.2376051551581,-123.097511545727,390 E 36th Av,http://cfapp.vancouver.ca/parkfinder_wa/index.cfm?fuseaction=FAC.ParkDetails&park_id=162
Cathedral Square,49.2824840344567,-123.113689173915,566 Richards St,http://cfapp.vancouver.ca/parkfinder_wa/index.cfm?fuseaction=FAC.ParkDetails&park_id=12
Cedar Cottage Park,49.2608092739522,-123.076606417167,2650 Clark Drive,http://cfapp.vancouver.ca/parkfinder_wa/index.cfm?fuseaction=FAC.ParkDetails&park_id=80
Chaldecott Park,49.2489508351806,-123.192200628705,4175 Wallace St,http://cfapp.vancouver.ca/parkfinder_wa/index.cfm?fuseaction=FAC.ParkDetails&park_id=37
Champlain Heights Park,49.2164912181176,-123.032660292809,3351 Maquinna Drive,http://cfapp.vancouver.ca/parkfinder_wa/index.cfm?fuseaction=FAC.ParkDetails&park_id=100
Charles Park,49.27354,-123.028901,3400 Charles St,http://cfapp.vancouver.ca/parkfinder_wa/index.cfm?fuseaction=FAC.ParkDetails&park_id=69
Charleson Park,49.266818,-123.12389,999 Charleson,http://cfapp.vancouver.ca/parkfinder_wa/index.cfm?fuseaction=FAC.ParkDetails&park_id=43
China Creek North Park,49.264905,-123.08283,1001 E 7th Av,http://cfapp.vancouver.ca/parkfinder_wa/index.cfm?fuseaction=FAC.ParkDetails&park_id=133
China Creek South Park,49.261736,-123.078973,1255 E 10th Av,http://cfapp.vancouver.ca/parkfinder_wa/index.cfm?fuseaction=FAC.ParkDetails&park_id=134
Choklit Park,49.265542,-123.128668,W 7th Av And Spruce St,http://cfapp.vancouver.ca/parkfinder_wa/index.cfm?fuseaction=FAC.ParkDetails&park_id=0
Clark Park,49.25706,-123.072031,1500 E 14th Av,http://cfapp.vancouver.ca/parkfinder_wa/index.cfm?fuseaction=FAC.ParkDetails&park_id=81
Clinton Park,49.270385,-123.050294,2690 Grant St,http://cfapp.vancouver.ca/parkfinder_wa/index.cfm?fuseaction=FAC.ParkDetails&park_id=70
Coal Harbour Park,49.289969,-123.12512,500 Broughton St,http://cfapp.vancouver.ca/parkfinder_wa/index.cfm?fuseaction=FAC.ParkDetails&park_id=13
Collingwood Park,49.237054,-123.03671,5275 Mckinnon St,http://cfapp.vancouver.ca/parkfinder_wa/index.cfm?fuseaction=FAC.ParkDetails&park_id=151
Columbia Park,49.231446,-123.111988,5908 Alberta St,http://cfapp.vancouver.ca/parkfinder_wa/index.cfm?fuseaction=FAC.ParkDetails&park_id=143
Connaught Park,49.261932,-123.159733,2390 W 10th Av,http://cfapp.vancouver.ca/parkfinder_wa/index.cfm?fuseaction=FAC.ParkDetails&park_id=108
Coopers' Park,49.2734927534707,-123.113076149221,1020 Marinaside Crescent,http://www.city.vancouver.bc.ca/parks/parks/index.htm
Crab Park at Portside,49.284662,-123.101238,101 E Waterfront Road,http://www.city.vancouver.bc.ca/parks/parks/index.htm
Creekside Park,49.273917,-123.10283,1455 Quebec St,http://www.city.vancouver.bc.ca/parks/parks/index.htm
Creekway Park,49.288336,-123.036982,2957 Bridgeway Street,http://cfapp.vancouver.ca/parkfinder_wa/index.cfm?fuseaction=FAC.ParkDetails&park_id=246
David Lam Park,49.2724251441973,-123.124173612194,1300 Pacific Boulevard,http://cfapp.vancouver.ca/parkfinder_wa/index.cfm?fuseaction=FAC.ParkDetails&park_id=16
Deering Island Park,49.2182432597371,-123.185304541443,3530 Deering Island Place,http://cfapp.vancouver.ca/parkfinder_wa/index.cfm?fuseaction=FAC.ParkDetails&park_id=38
Delamont Park,49.265814913323,-123.152633871764,2091 W 7th Av,http://cfapp.vancouver.ca/parkfinder_wa/index.cfm?fuseaction=FAC.ParkDetails&park_id=109
Devonian Harbour Park,49.2942153689075,-123.135756898945,1929 W Georgia St,http://cfapp.vancouver.ca/parkfinder_wa/index.cfm?fuseaction=FAC.ParkDetails&park_id=18
Devonshire Park,49.2448124056222,-123.132881223679,1250 Devonshire Crescent,http://www.city.vancouver.bc.ca/parks/parks/index.htm
Douglas Park,49.2529172469768,-123.121277422182,801 W 22nd Av,http://cfapp.vancouver.ca/parkfinder_wa/index.cfm?fuseaction=FAC.ParkDetails&park_id=175
Dusty Greenwell Park,49.2923351936506,-123.048718050848,2799 Wall St,http://cfapp.vancouver.ca/parkfinder_wa/index.cfm?fuseaction=FAC.ParkDetails&park_id=71
Earles Park,49.2334932167929,-123.047680572114,2801 E 41st Av,http://cfapp.vancouver.ca/parkfinder_wa/index.cfm?fuseaction=FAC.ParkDetails&park_id=152
Ebisu Park,49.205397,-123.131947,8810 Olser St,http://cfapp.vancouver.ca/parkfinder_wa/index.cfm?fuseaction=FAC.ParkDetails&park_id=236
Eburne Park,49.2065426804836,-123.129182350598,950 W 71st Av,http://cfapp.vancouver.ca/parkfinder_wa/index.cfm?fuseaction=FAC.ParkDetails&park_id=123
Elm Park,49.233745341315,-123.163485697533,5800 Elm St,http://cfapp.vancouver.ca/parkfinder_wa/index.cfm?fuseaction=FAC.ParkDetails&park_id=91
Emery Barnes Park,49.2763799782208,-123.124070982259,Davie St And Richards St,http://www.city.vancouver.bc.ca/parks/parks/index.htm
English Bay Beach Park,49.2862192508987,-123.1438279459,1700 Beach Av,http://cfapp.vancouver.ca/parkfinder_wa/index.cfm?fuseaction=FAC.ParkDetails&park_id=201
Everett Crowley Park,49.2111115319048,-123.038076395858,8200 Kerr St,http://cfapp.vancouver.ca/parkfinder_wa/index.cfm?fuseaction=FAC.ParkDetails&park_id=101
Falaise Park,49.2550363913572,-123.029649285894,3434 Falaise Av,http://www.city.vancouver.bc.ca/parks/parks/index.htm
Foster Park,49.2338669436817,-123.028734010625,5501 Aberdeen St,http://cfapp.vancouver.ca/parkfinder_wa/index.cfm?fuseaction=FAC.ParkDetails&park_id=154
Fraser River Park,49.2082761413955,-123.151840566964,8705 Angus Drive,http://cfapp.vancouver.ca/parkfinder_wa/index.cfm?fuseaction=FAC.ParkDetails&park_id=92
Fraser River Trail,49.200357,-123.135862, Hudson Street on the Fraser River,http://vancouver.ca/parks/
Fraserview Golf Course,49.2118824304811,-123.048287252301,7800 Vivian Drive,http://www.city.vancouver.bc.ca/parks/parks/index.htm
Fraserview Park,49.2153662293405,-123.067373431906,7595 Victoria Drive,http://cfapp.vancouver.ca/parkfinder_wa/index.cfm?fuseaction=FAC.ParkDetails&park_id=192
Garden Park,49.2681633681546,-123.059027548415,1851 Garden Drive,http://cfapp.vancouver.ca/parkfinder_wa/index.cfm?fuseaction=FAC.ParkDetails&park_id=51
Gaston Park,49.2362315737881,-123.031189928507,3470 Crowley Drive,http://cfapp.vancouver.ca/parkfinder_wa/index.cfm?fuseaction=FAC.ParkDetails&park_id=155
General Brock Park,49.2445993809841,-123.058590260256,2301 Brock St,http://www.city.vancouver.bc.ca/parks/parks/index.htm
George Park,49.2124494018771,-123.094157805288,500 E 63rd Av,http://cfapp.vancouver.ca/parkfinder_wa/index.cfm?fuseaction=FAC.ParkDetails&park_id=184
George Wainborn Park,49.2724892097576,-123.129344039829,450 Beach Crescent,http://www.city.vancouver.bc.ca/parks/parks/index.htm
Gladstone-Riverside Park,49.2056806773078,-123.062390268587,2500 E Kent Av South,http://cfapp.vancouver.ca/parkfinder_wa/index.cfm?fuseaction=FAC.ParkDetails&park_id=193
Glen Park,49.2496122402709,-123.08287573387,3999 Glen Drive,http://cfapp.vancouver.ca/parkfinder_wa/index.cfm?fuseaction=FAC.ParkDetails&park_id=83
Gordon Park,49.2234790455431,-123.070453975615,6675 Commercial St,http://cfapp.vancouver.ca/parkfinder_wa/index.cfm?fuseaction=FAC.ParkDetails&park_id=194
Grandview Park,49.2735192173381,-123.070538525034,1657 Charles St,http://cfapp.vancouver.ca/parkfinder_wa/index.cfm?fuseaction=FAC.ParkDetails&park_id=52
Granville Island Water Park,49.2696177313406,-123.135012388229,"False Creek Community Centre, Granville Island",http://www.city.vancouver.bc.ca/parks/parks/index.htm
Granville Loop Park,49.2673871453161,-123.137336503372,1435 W 5th Av,http://www.city.vancouver.bc.ca/parks/parks/index.htm
Granville Park,49.2583982455136,-123.141682069433,3001 Fir St,http://cfapp.vancouver.ca/parkfinder_wa/index.cfm?fuseaction=FAC.ParkDetails&park_id=44
Grays Park,49.2409805689217,-123.085052746274,4850 St. Catherines St,http://www.city.vancouver.bc.ca/parks/parks/index.htm
Grimmett Park,49.2539061342289,-123.101997287889,169 E 19th Av,http://www.city.vancouver.bc.ca/parks/parks/index.htm
Guelph Park,49.2641071267925,-123.096413909479,2390 Brunswick St,http://cfapp.vancouver.ca/parkfinder_wa/index.cfm?fuseaction=FAC.ParkDetails&park_id=136
Habitat Island,49.27221,-123.110791, South East False Creek,http://vancouver.ca/parks/
Hadden Park,49.2787449378918,-123.147524371822,1905 Ogden Av,http://cfapp.vancouver.ca/parkfinder_wa/index.cfm?fuseaction=FAC.ParkDetails&park_id=110
Hadden/Vanier Park,49.277689,-123.146153,900 Chestnut Street,http://vancouver.ca/parks/
Harbour Green Park,49.2907021246505,-123.122873063313,1199 W Cordova St,http://cfapp.vancouver.ca/parkfinder_wa/index.cfm?fuseaction=FAC.ParkDetails&park_id=21
Hastings Community Park,49.2798759259672,-123.040638892215,3000 E Pender St,http://cfapp.vancouver.ca/parkfinder_wa/index.cfm?fuseaction=FAC.ParkDetails&park_id=73
Hastings Mill Park,49.2727765310372,-123.186639588464,1575 Alma St,http://cfapp.vancouver.ca/parkfinder_wa/index.cfm?fuseaction=FAC.ParkDetails&park_id=217
Hastings Park,49.2881817730372,-123.04276279983,2901 E Hastings St,http://cfapp.vancouver.ca/parkfinder_wa/index.cfm?fuseaction=FAC.ParkDetails&park_id=72
Heather Park,49.2547691696777,-123.121138012535,702 W 18th Av,http://cfapp.vancouver.ca/parkfinder_wa/index.cfm?fuseaction=FAC.ParkDetails&park_id=177
Helmcken Park,49.2750647992399,-123.11981371987,1103 Pacific Boulevard,http://cfapp.vancouver.ca/parkfinder_wa/index.cfm?fuseaction=FAC.ParkDetails&park_id=23
Hillcrest Park,49.2447733767237,-123.108197002818,4501 Clancy Loranger Way,http://www.city.vancouver.bc.ca/parks/parks/index.htm
Humm Park,49.2187217355895,-123.063308955313,7250 Humm St,http://cfapp.vancouver.ca/parkfinder_wa/index.cfm?fuseaction=FAC.ParkDetails&park_id=195
Jean Beaty Park,49.2719129142303,-123.179257236508,3393 Point Grey Road,http://cfapp.vancouver.ca/parkfinder_wa/index.cfm?fuseaction=FAC.ParkDetails&park_id=111
Jericho Beach Park,49.2697831406323,-123.199650393914,3941 Point Grey Road,http://www.city.vancouver.bc.ca/parks/parks/index.htm
John Hendry (Trout Lake) Park,49.2556195524677,-123.062159065575,3300 Victoria Drive,http://cfapp.vancouver.ca/parkfinder_wa/index.cfm?fuseaction=FAC.ParkDetails&park_id=85
Jonathan Rogers Park,49.2643344026763,-123.108184956492,110 W 7th Av,http://cfapp.vancouver.ca/parkfinder_wa/index.cfm?fuseaction=FAC.ParkDetails&park_id=137
Jones Park,49.2359981915552,-123.067129186246,5350 Commercial St,http://cfapp.vancouver.ca/parkfinder_wa/index.cfm?fuseaction=FAC.ParkDetails&park_id=86
Kaslo Park,49.2641206608553,-123.045922375301,2851 E 7th Av,http://cfapp.vancouver.ca/parkfinder_wa/index.cfm?fuseaction=FAC.ParkDetails&park_id=74
Kensington Park,49.2384815559383,-123.075480182997,5175 Dumfries St,http://cfapp.vancouver.ca/parkfinder_wa/index.cfm?fuseaction=FAC.ParkDetails&park_id=87
Kerrisdale Centennial Park,49.233134,-123.158032,5898 Yew St,http://cfapp.vancouver.ca/parkfinder_wa/index.cfm?fuseaction=FAC.ParkDetails&park_id=93
Kerrisdale Park,49.2358927402247,-123.153463321695,5670 East Boulevard,http://cfapp.vancouver.ca/parkfinder_wa/index.cfm?fuseaction=FAC.ParkDetails&park_id=171
Killarney Park,49.227295,-123.041663,6205 Kerr St,http://cfapp.vancouver.ca/parkfinder_wa/index.cfm?fuseaction=FAC.ParkDetails&park_id=103
Kingcrest Park,49.2474874023346,-123.074777206853,4150 Knight St,http://www.city.vancouver.bc.ca/parks/parks/index.htm
Kinross Ravine Park,49.2075666061418,-123.036157715356,3350 Se Marine Drive,http://cfapp.vancouver.ca/parkfinder_wa/index.cfm?fuseaction=FAC.ParkDetails&park_id=104
Kitsilano Beach Park,49.273774,-123.154618,1499 Arbutus St,http://cfapp.vancouver.ca/parkfinder_wa/index.cfm?fuseaction=FAC.ParkDetails&park_id=112
Langara Golf Course,49.220945751557,-123.111567244321,6706 Alberta St,http://www.city.vancouver.bc.ca/parks/parks/index.htm
Langara Park,49.225709,-123.110833,W 49th Av And Columbia St,http://www.city.vancouver.bc.ca/parks/parks/index.htm
Laurel Landbridge Park,49.265717,-123.124294,2200 Laurel Street,http://vancouver.ca/parks/
Locarno Park,49.2749738344886,-123.207105931384,4445 Nw Marine Drive,http://www.city.vancouver.bc.ca/parks/parks/index.htm
MacDonald Park,49.2296231506965,-123.098437673978,300 E 44th Av,http://cfapp.vancouver.ca/parkfinder_wa/index.cfm?fuseaction=FAC.ParkDetails&park_id=185
MacLean Park,49.2788157120213,-123.088445377018,710 Keefer St,http://www.city.vancouver.bc.ca/parks/parks/index.htm
Major Matthews Park,49.2615499227267,-123.10725665946,2627 Manitoba St,http://cfapp.vancouver.ca/parkfinder_wa/index.cfm?fuseaction=FAC.ParkDetails&park_id=138
Malkin Park,49.2319243410917,-123.17693381603,6001 Balaclava St,http://cfapp.vancouver.ca/parkfinder_wa/index.cfm?fuseaction=FAC.ParkDetails&park_id=95
Maple Grove Park,49.223731700708,-123.160215447357,6875 Yew St,http://cfapp.vancouver.ca/parkfinder_wa/index.cfm?fuseaction=FAC.ParkDetails&park_id=96
Margaret Pigott Park,49.2720445830063,-123.167692254748,2743 Point Grey Road,http://cfapp.vancouver.ca/parkfinder_wa/index.cfm?fuseaction=FAC.ParkDetails&park_id=113
Marina Square,49.2924712884492,-123.131073351264,1675 Bayshore Drive,http://www.city.vancouver.bc.ca/parks/parks/index.htm
Marine Drive Golf Club (Private),49.2174839,-123.159249,7425 Yew Street,
Marpole Park,49.2054370668331,-123.138529419389,1410 W 72nd Av,http://cfapp.vancouver.ca/parkfinder_wa/index.cfm?fuseaction=FAC.ParkDetails&park_id=124
May & Lorne Brown Park,49.2751730142289,-123.132040403894,801 Beach Av,http://www.city.vancouver.bc.ca/parks/parks/index.htm
McBride Park,49.2680824686344,-123.178670451512,3350 W 4th Av,http://cfapp.vancouver.ca/parkfinder_wa/index.cfm?fuseaction=FAC.ParkDetails&park_id=114
McCleery Golf Course,49.2187507983739,-123.170643413725,7188 Macdonald St,http://www.city.vancouver.bc.ca/parks/parks/index.htm
McCleery Park,49.2268037573308,-123.164101209053,6501 Marine Crescent,http://cfapp.vancouver.ca/parkfinder_wa/index.cfm?fuseaction=FAC.ParkDetails&park_id=97
McGill Park,49.288492,-123.05713,2305 Mcgill St,http://cfapp.vancouver.ca/parkfinder_wa/index.cfm?fuseaction=FAC.ParkDetails&park_id=53
McSpadden Park,49.2662777758283,-123.066629277024,2125 Victoria Drive,http://cfapp.vancouver.ca/parkfinder_wa/index.cfm?fuseaction=FAC.ParkDetails&park_id=54
Melbourne Park,49.2364157475643,-123.028963734972,3530 Vanness Av,http://cfapp.vancouver.ca/parkfinder_wa/index.cfm?fuseaction=FAC.ParkDetails&park_id=156
Memorial South Park,49.2303034781757,-123.08569062602,5950 Prince Albert St,http://www.city.vancouver.bc.ca/parks/parks/index.htm
Memorial West Park,49.2428154263277,-123.188251960704,4701 Dunbar St,http://www.city.vancouver.bc.ca/parks/parks/index.htm
Moberly Park,49.2155885589819,-123.08655973388,7646 Prince Albert St,http://www.city.vancouver.bc.ca/parks/parks/index.htm
Montgomery Park,49.2308252028941,-123.130457900154,1040 W 43rd Av,http://cfapp.vancouver.ca/parkfinder_wa/index.cfm?fuseaction=FAC.ParkDetails&park_id=146
Morton Park,49.287663441739,-123.141975567736,1800 Morton Av,http://cfapp.vancouver.ca/parkfinder_wa/index.cfm?fuseaction=FAC.ParkDetails&park_id=202
Mosaic Creek Park,49.2733141216327,-123.074131638534,1475 Charles St,http://cfapp.vancouver.ca/parkfinder_wa/index.cfm?fuseaction=FAC.ParkDetails&park_id=55
Mount Pleasant Park,49.2571285790462,-123.106253580047,3161 Ontario St,http://www.city.vancouver.bc.ca/parks/parks/index.htm
Musqueam Park,49.23222027435,-123.195361237002,4000 Sw Marine Drive,http://cfapp.vancouver.ca/parkfinder_wa/index.cfm?fuseaction=FAC.ParkDetails&park_id=40
Nanaimo Park,49.2277249563347,-123.057630428196,2390 E 46th Av,http://cfapp.vancouver.ca/parkfinder_wa/index.cfm?fuseaction=FAC.ParkDetails&park_id=196
Nat Bailey Stadium,49.2429331858326,-123.106820716127,4601 Ontario St,http://www.city.vancouver.bc.ca/parks/parks/index.htm
Nelson Park,49.2825736114152,-123.129617962639,1030 Bute St,http://cfapp.vancouver.ca/parkfinder_wa/index.cfm?fuseaction=FAC.ParkDetails&park_id=203
New Brighton Park,49.2896409,-123.03764184,500 N Windermere St,http://cfapp.vancouver.ca/parkfinder_wa/index.cfm?fuseaction=FAC.ParkDetails&park_id=75
Norquay Park,49.2372494449842,-123.051135284398,5050 Wales St,http://cfapp.vancouver.ca/parkfinder_wa/index.cfm?fuseaction=FAC.ParkDetails&park_id=157
Oak Meadows Park,49.2384352911029,-123.125806341035,899 W 37th Av,http://cfapp.vancouver.ca/parkfinder_wa/index.cfm?fuseaction=FAC.ParkDetails&park_id=228
Oak Park,49.2162375769549,-123.128701584314,900 W 59th Av,http://cfapp.vancouver.ca/parkfinder_wa/index.cfm?fuseaction=FAC.ParkDetails&park_id=126
Oppenheimer Park,49.2826400692788,-123.094346882948,400 Powell St,http://cfapp.vancouver.ca/parkfinder_wa/index.cfm?fuseaction=FAC.ParkDetails&park_id=180
Oxford Park,49.2854904186746,-123.062202959939,2050 Wall St,http://cfapp.vancouver.ca/parkfinder_wa/index.cfm?fuseaction=FAC.ParkDetails&park_id=56
Pacific Spirit Park,49.251266,-123.195126,4000 W King Edward Avenue,http://vancouver.ca/parks/
Pandora Park,49.2825400375048,-123.05818062003,2325 Franklin St,http://cfapp.vancouver.ca/parkfinder_wa/index.cfm?fuseaction=FAC.ParkDetails&park_id=57
Park Site at Southe East False Creek,49.270869,-123.110533,215 W 1st Avenue,http://vancouver.ca/parks/
Park Site on Blenheim,49.2555755124354,-123.178916179978,3500 Quadra St,http://cfapp.vancouver.ca/parkfinder_wa/index.cfm?fuseaction=FAC.ParkDetails&park_id=35
Park Site on Puget Drive,49.2477237282272,-123.168194740981,4309 Puget Drive,http://cfapp.vancouver.ca/parkfinder_wa/index.cfm?fuseaction=FAC.ParkDetails&park_id=4
Park Site on Quesnel Drive,49.2476038619505,-123.169939636945,4301 Quesnel Drive,http://cfapp.vancouver.ca/parkfinder_wa/index.cfm?fuseaction=FAC.ParkDetails&park_id=5
Park Site on Shaughnessy Street,49.2018126869968,-123.125689029694,Shaughnessy St And Fraser River,http://www.city.vancouver.bc.ca/parks/parks/index.htm
Park Site on Trafalgar Street,49.2444438828763,-123.165144765361,4600 Trafalgar St,http://cfapp.vancouver.ca/parkfinder_wa/index.cfm?fuseaction=FAC.ParkDetails&park_id=9
Park Site on Trinity Street,49.2895586380293,-123.059460463155,2303 Wall St,http://cfapp.vancouver.ca/parkfinder_wa/index.cfm?fuseaction=FAC.ParkDetails&park_id=61
Pioneer Place (Pigeon Park),49.281698528953,-123.104585842007,399 Carrall St,http://www.city.vancouver.bc.ca/parks/parks/index.htm
Point Grey Golf and Country Club (Private),49.2296669,-123.180145,3350 SW Marine Drive,
Point Grey Park Site at Stephens Street,49.272362,-123.166272,2699 Point Grey Road,http://www.city.vancouver.bc.ca/parks/parks/index.htm
Point Grey Park Site at Trafalgar Street,49.2732355585892,-123.16465130289,2601 Point Grey Road,http://www.city.vancouver.bc.ca/parks/parks/index.htm
Point Grey Park Site at Trutch Street,49.271652,-123.176163,3215 Point Grey Road,http://www.city.vancouver.bc.ca/parks/parks/index.htm
Portal Park,49.2880367189159,-123.119140203115,1099 W Hastings St,http://cfapp.vancouver.ca/parkfinder_wa/index.cfm?fuseaction=FAC.ParkDetails&park_id=27
Price Park,49.240125948322,-123.02445135603,3650 Price St,http://cfapp.vancouver.ca/parkfinder_wa/index.cfm?fuseaction=FAC.ParkDetails&park_id=158
Prince Edward Park,49.2514863574743,-123.097647862599,3773 Prince Edward St,http://cfapp.vancouver.ca/parkfinder_wa/index.cfm?fuseaction=FAC.ParkDetails&park_id=166
Prince of Wales Park,49.244037635729,-123.15690721174,4780 Haggart St,http://cfapp.vancouver.ca/parkfinder_wa/index.cfm?fuseaction=FAC.ParkDetails&park_id=3
Quadra West Park,49.2571180211162,-123.180634950648,3250 Quadra St,http://cfapp.vancouver.ca/parkfinder_wa/index.cfm?fuseaction=FAC.ParkDetails&park_id=41
Queen Elizabeth Park,49.2409881193204,-123.113290899742,4600 Cambie St,http://cfapp.vancouver.ca/parkfinder_wa/index.cfm?fuseaction=FAC.ParkDetails&park_id=167
Quilchena Park,49.2437309686445,-123.148906952034,4590 Magnolia St,http://cfapp.vancouver.ca/parkfinder_wa/index.cfm?fuseaction=FAC.ParkDetails&park_id=6
Ravine Park,49.2418484451952,-123.155527031876,2159 W 36th Av,http://cfapp.vancouver.ca/parkfinder_wa/index.cfm?fuseaction=FAC.ParkDetails&park_id=7
Renfrew Community Park,49.2524249068635,-123.042958058734,2929 E 22nd Av,http://www.city.vancouver.bc.ca/parks/parks/index.htm
Renfrew Ravine Park,49.2491158123339,-123.043436731521,3900 Renfrew St,http://cfapp.vancouver.ca/parkfinder_wa/index.cfm?fuseaction=FAC.ParkDetails&park_id=160
Riley Park,49.2416922650002,-123.104291617649,50 E 30th Av,http://cfapp.vancouver.ca/parkfinder_wa/index.cfm?fuseaction=FAC.ParkDetails&park_id=168
Riverfront Park,49.2057241105485,-123.050772491402,2750 E Kent Av South,http://cfapp.vancouver.ca/parkfinder_wa/index.cfm?fuseaction=FAC.ParkDetails&park_id=197
Riverview Park,49.2123683745846,-123.147244920744,1751 W 66th Av,http://cfapp.vancouver.ca/parkfinder_wa/index.cfm?fuseaction=FAC.ParkDetails&park_id=127
Robson Park,49.2577320649568,-123.092303101177,599 Kingsway,http://cfapp.vancouver.ca/parkfinder_wa/index.cfm?fuseaction=FAC.ParkDetails&park_id=140
Rosemary Brown Park,49.262138,-123.156622,W 11th Av And Yew St,http://www.city.vancouver.bc.ca/parks/parks/index.htm
Rosemont Park,49.2157560608426,-123.038988860608,3101 Rosemont Drive,http://www.city.vancouver.bc.ca/parks/parks/index.htm
Ross Park,49.217354,-123.083028,7402 Ross St,http://cfapp.vancouver.ca/parkfinder_wa/index.cfm?fuseaction=FAC.ParkDetails&park_id=188
Roundhouse Turntable Plaza,49.2733083633066,-123.121747155605,181 Roundhouse Mews,http://cfapp.vancouver.ca/parkfinder_wa/index.cfm?fuseaction=FAC.ParkDetails&park_id=29
Rupert Park,49.2720240421577,-123.033207461327,1600 Rupert St,http://cfapp.vancouver.ca/parkfinder_wa/index.cfm?fuseaction=FAC.ParkDetails&park_id=76
Sahalli Park,49.26395,-123.088821,E 7th Av And Fraser St,http://www.city.vancouver.bc.ca/parks/parks/index.htm
Salsbury Park,49.2772702448814,-123.067932792892,1806 Adanac St,http://cfapp.vancouver.ca/parkfinder_wa/index.cfm?fuseaction=FAC.ParkDetails&park_id=58
Seaforth Peace Park,49.2715356470184,-123.14605663548,1620 Chestnut St,http://cfapp.vancouver.ca/parkfinder_wa/index.cfm?fuseaction=FAC.ParkDetails&park_id=118
Shannon Park,49.2154492113369,-123.142537190497,1575 W 62nd Av,http://cfapp.vancouver.ca/parkfinder_wa/index.cfm?fuseaction=FAC.ParkDetails&park_id=128
Shaughnessy Golf Course (Private),49.2338148,-123.209249,4300 SW Marine Drive,
Shaughnessy Park,49.2556588481556,-123.135126193618,1300 The Crescent,http://cfapp.vancouver.ca/parkfinder_wa/index.cfm?fuseaction=FAC.ParkDetails&park_id=172
Slocan Park,49.2435582736904,-123.046270697895,2750 E 29th Av,http://cfapp.vancouver.ca/parkfinder_wa/index.cfm?fuseaction=FAC.ParkDetails&park_id=161
Spanish Banks Beach Park,49.277639105244,-123.219196615431,4801 Nw Marine Drive,http://cfapp.vancouver.ca/parkfinder_wa/index.cfm?fuseaction=FAC.ParkDetails&park_id=220
Sparwood Park,49.2202709749363,-123.029322381035,6998 Arlington St,http://cfapp.vancouver.ca/parkfinder_wa/index.cfm?fuseaction=FAC.ParkDetails&park_id=105
Stanley Park,49.29808542,-123.12758467,2000 W Georgia St,http://cfapp.vancouver.ca/parkfinder_wa/index.cfm?fuseaction=FAC.ParkDetails&park_id=206
Strathcona Linear Park,49.2768029158464,-123.08768209774,787 Prior St,http://www.city.vancouver.bc.ca/parks/parks/index.htm
Strathcona Park,49.2739358488483,-123.083384965515,857 Malkin Av,http://cfapp.vancouver.ca/parkfinder_wa/index.cfm?fuseaction=FAC.ParkDetails&park_id=181
Sun Yat-Sen Gardens,49.27955,-123.103282268514,578 Carrall St,http://www.city.vancouver.bc.ca/parks/parks/index.htm
Sunnyside Park,49.2549318196817,-123.08075855565,1100 E 17th Av,http://cfapp.vancouver.ca/parkfinder_wa/index.cfm?fuseaction=FAC.ParkDetails&park_id=89
Sunrise Park,49.2666893191539,-123.035185212196,1950 Windermere St,http://cfapp.vancouver.ca/parkfinder_wa/index.cfm?fuseaction=FAC.ParkDetails&park_id=77
Sunset Beach Park,49.278909183849,-123.137686740102,1204 Beach Av,http://cfapp.vancouver.ca/parkfinder_wa/index.cfm?fuseaction=FAC.ParkDetails&park_id=207
Sunset Park,49.2227614467884,-123.096659993793,404 E 51st Av,http://cfapp.vancouver.ca/parkfinder_wa/index.cfm?fuseaction=FAC.ParkDetails&park_id=189
Sutcliffe Park,49.268669,-123.134842,1318 Cartwright St,http://cfapp.vancouver.ca/parkfinder_wa/index.cfm?fuseaction=FAC.ParkDetails&park_id=47
Tatlow Park,49.2700636577659,-123.16961967201,2845 W 3rd Av,http://cfapp.vancouver.ca/parkfinder_wa/index.cfm?fuseaction=FAC.ParkDetails&park_id=119
Tea Swamp Park,49.2572124489689,-123.09875267615,266 E 15th Av,http://www.city.vancouver.bc.ca/parks/parks/index.htm
Tecumseh Park,49.2297649688365,-123.069920286718,1751 E 45th Av,http://cfapp.vancouver.ca/parkfinder_wa/index.cfm?fuseaction=FAC.ParkDetails&park_id=198
Templeton Park,49.2785376941223,-123.058837267534,700 Templeton Drive,http://cfapp.vancouver.ca/parkfinder_wa/index.cfm?fuseaction=FAC.ParkDetails&park_id=60
Thornton Park,49.2739462873746,-123.099259869289,1166 Main St,http://cfapp.vancouver.ca/parkfinder_wa/index.cfm?fuseaction=FAC.ParkDetails&park_id=183
Thunderbird Park,49.2689151226471,-123.029075942653,3485 E 2nd Av,http://cfapp.vancouver.ca/parkfinder_wa/index.cfm?fuseaction=FAC.ParkDetails&park_id=78
Tisdall Park,49.227338802948,-123.119300898504,6210 Tisdall St,http://cfapp.vancouver.ca/parkfinder_wa/index.cfm?fuseaction=FAC.ParkDetails&park_id=147
Trafalgar Park,49.2513998775944,-123.164625073106,2610 W 23rd Av,http://cfapp.vancouver.ca/parkfinder_wa/index.cfm?fuseaction=FAC.ParkDetails&park_id=8
Trillium Park Site,49.275015,-123.093116, National Avenue & Thornton Street,http://vancouver.ca/parks/
Valdez Park,49.2524295974901,-123.176474222982,3210 W 22nd Av,http://cfapp.vancouver.ca/parkfinder_wa/index.cfm?fuseaction=FAC.ParkDetails&park_id=42
VanDusen Botanical Gardens,49.2390675050185,-123.134604033356,5251 Oak St,http://cfapp.vancouver.ca/parkfinder_wa/index.cfm?fuseaction=FAC.ParkDetails&park_id=173
Vanier Park,49.2759361737057,-123.143106611606,1000 Chestnut St,http://cfapp.vancouver.ca/parkfinder_wa/index.cfm?fuseaction=FAC.ParkDetails&park_id=120
Victoria Park,49.27151611,-123.06673021,1415 Victoria Drive,http://cfapp.vancouver.ca/parkfinder_wa/index.cfm?fuseaction=FAC.ParkDetails&park_id=62
Victory Square,49.2821783006913,-123.110244168662,200 W Hastings St,http://cfapp.vancouver.ca/parkfinder_wa/index.cfm?fuseaction=FAC.ParkDetails&park_id=31
Volunteer Park,49.2716249018094,-123.169253700319,2855 Point Grey Road,http://cfapp.vancouver.ca/parkfinder_wa/index.cfm?fuseaction=FAC.ParkDetails&park_id=121
W.C. Shelley Park,49.2630265755128,-123.072929504287,1500 E 8th Av,http://www.city.vancouver.bc.ca/parks/parks/index.htm
Wendy Poole Park,49.284259,-123.099577,199 Alexander St,http://cfapp.vancouver.ca/parkfinder_wa/index.cfm?fuseaction=FAC.ParkDetails&park_id=32
West Point Grey Park,49.2667615370398,-123.205152349074,2250 Trimble St,http://cfapp.vancouver.ca/parkfinder_wa/index.cfm?fuseaction=FAC.ParkDetails&park_id=221
Westmount Park,49.2718444762328,-123.214421822674,4651 W 2nd Av,http://cfapp.vancouver.ca/parkfinder_wa/index.cfm?fuseaction=FAC.ParkDetails&park_id=222
William Mackie Park,49.2068328725102,-123.142478062354,1592 W 71st Av,http://cfapp.vancouver.ca/parkfinder_wa/index.cfm?fuseaction=FAC.ParkDetails&park_id=130
Willow Park,49.2648327614804,-123.122053400295,802 W 7th Av,http://cfapp.vancouver.ca/parkfinder_wa/index.cfm?fuseaction=FAC.ParkDetails&park_id=48
Winona Park,49.2159745339981,-123.113345842743,7575 Columbia St,http://www.city.vancouver.bc.ca/parks/parks/index.htm
Woodland Park,49.2785070159347,-123.073459942285,705 Woodland Drive,http://cfapp.vancouver.ca/parkfinder_wa/index.cfm?fuseaction=FAC.ParkDetails&park_id=64
Yaletown Park,49.277847097061,-123.118513250516,901 Mainland St,http://www.city.vancouver.bc.ca/parks/parks/index.htm
